{
	"class_name" : "PinholeCameraParameters",
	"extrinsic" : 
	[
		0.38996295667528885,
		-0.52622674121163104,
		0.75565488766688593,
		0.0,
		-0.91644791814960358,
		-0.14182288800836682,
		0.3741784089925872,
		0.0,
		-0.089733526289366247,
		-0.8384340673366949,
		-0.53756507419002053,
		0.0,
		-2.4923767520200135,
		7.1529752182644266,
		59.58763541704684,
		1.0
	],
	"intrinsic" : 
	{
		"height" : 1404,
		"intrinsic_matrix" : 
		[
			1215.8996669133519,
			0.0,
			0.0,
			0.0,
			1215.8996669133519,
			0.0,
			1247.5,
			701.5,
			1.0
		],
		"width" : 2496
	},
	"version_major" : 1,
	"version_minor" : 0
}